{
  "groupA": [
    {
      "code": "A1",
      "name": "พนักงาน A1"
    },
    {
      "code": "A2",
      "name": "พนักงาน A2"
    },
    {
      "code": "A3",
      "name": "พนักงาน A3"
    },
    {
      "code": "A4",
      "name": "พนักงาน A4"
    },
    {
      "code": "A5",
      "name": "พนักงาน A5"
    },
    {
      "code": "A6",
      "name": "พนักงาน A6"
    },
    {
      "code": "A7",
      "name": "พนักงาน A7"
    },
    {
      "code": "A8",
      "name": "พนักงาน A8"
    },
    {
      "code": "A9",
      "name": "พนักงาน A9"
    },
    {
      "code": "A10",
      "name": "พนักงาน A10"
    }
  ],
  "groupB": [
    {
      "code": "B1",
      "name": "พนักงาน B1"
    },
    {
      "code": "B2",
      "name": "พนักงาน B2"
    },
    {
      "code": "B3",
      "name": "พนักงาน B3"
    },
    {
      "code": "B4",
      "name": "พนักงาน B4"
    },
    {
      "code": "B5",
      "name": "พนักงาน B5"
    },
    {
      "code": "B6",
      "name": "พนักงาน B6"
    },
    {
      "code": "B7",
      "name": "พนักงาน B7"
    },
    {
      "code": "B8",
      "name": "พนักงาน B8"
    },
    {
      "code": "B9",
      "name": "พนักงาน B9"
    },
    {
      "code": "B10",
      "name": "พนักงาน B10"
    },
    {
      "code": "B11",
      "name": "พนักงาน B11"
    },
    {
      "code": "B12",
      "name": "พนักงาน B12"
    },
    {
      "code": "B13",
      "name": "พนักงาน B13"
    },
    {
      "code": "B14",
      "name": "พนักงาน B14"
    },
    {
      "code": "B15",
      "name": "พนักงาน B15"
    }
  ]
}